unique_code,first_name,last_name,gender,email,username,dob,registered_date,phone,picture,post_code,address
1313b921-f297-4a2d-a21f-86ae59979411,Batur,Bolatlı,male,batur.bolatli@example.com,bigzebra592,1966-11-12T12:32:38.419Z,2015-02-14T03:05:44.869Z,(366)-463-1187,https://randomuser.me/api/portraits/med/men/88.jpg,16889,"1912 Maçka Cd, Muş, Burdur, Turkey"
5706445d-63fd-4484-bed8-d3e0422dcae1,Grigorije,Pantelić,male,grigorije.pantelic@example.com,ticklishleopard883,1955-07-27T13:55:57.682Z,2020-04-06T05:41:38.433Z,011-1886-812,https://randomuser.me/api/portraits/med/men/1.jpg,84016,"3863 Gorička, Irig, Moravica, Serbia"
98f25e78-2dcb-40bc-ab3d-68f3d84d4945,Luz,Martínez,female,luz.martinez@example.com,ticklishgorilla596,2000-06-17T14:16:12.134Z,2006-01-08T09:30:16.231Z,952-825-234,https://randomuser.me/api/portraits/med/women/82.jpg,23479,"3374 Paseo de Extremadura, Lorca, Comunidad de Madrid, Spain"
0fe89191-5fba-40ce-af8b-643afc45e33a,Ayşe,Özdoğan,female,ayse.ozdogan@example.com,redgorilla368,1956-02-22T10:26:43.666Z,2015-07-05T11:11:38.648Z,(723)-822-6923,https://randomuser.me/api/portraits/med/women/94.jpg,38639,"5736 Anafartalar Cd, Nevşehir, Artvin, Turkey"
6e540063-883b-42a0-8b39-36df1811ee42,Fatma,Çağıran,female,fatma.cagiran@example.com,orangeduck449,1993-04-05T02:27:18.651Z,2021-03-11T19:33:23.313Z,(500)-892-1440,https://randomuser.me/api/portraits/med/women/8.jpg,57317,"157 Atatürk Sk, Hatay, Çorum, Turkey"
b9d05d49-bf0f-494c-b77f-8643c6daae9d,Nora,Mendoza,female,nora.mendoza@example.com,yellowlion485,1960-06-28T14:26:21.558Z,2007-03-22T06:50:49.068Z,04-8669-5803,https://randomuser.me/api/portraits/med/women/75.jpg,4268,"3200 W 6th St, Coffs Harbour, South Australia, Australia"
2b186e74-b79b-4ed8-b1ec-89b7225a6b64,Arturo,Peña,male,arturo.pena@example.com,whitepeacock570,1977-02-18T08:19:48.104Z,2017-02-12T23:34:16.621Z,911-364-732,https://randomuser.me/api/portraits/med/men/49.jpg,34082,"5583 Calle de Atocha, Valencia, Comunidad de Madrid, Spain"
65c34a9b-4d3b-4ef6-a349-70534f9a58a4,Ishani,Jutte,female,ishani.jutte@example.com,organicladybug125,1964-03-27T18:03:53.783Z,2006-09-27T22:38:39.149Z,(096) 6356242,https://randomuser.me/api/portraits/med/women/26.jpg,1494 YQ,"2778 Havikdijk, Nieuwerbrug aan den Rijn, Overijssel, Netherlands"
a4ad89c3-17eb-437f-a8d8-dbd7605f22d0,Macit,Demirel,male,macit.demirel@example.com,ticklishleopard850,1983-11-30T04:55:29.663Z,2019-06-11T04:01:14.800Z,(303)-911-8084,https://randomuser.me/api/portraits/med/men/47.jpg,31191,"8310 Necatibey Cd, Muğla, Trabzon, Turkey"
ed085979-d2ba-4383-8447-bce1b4d8dc71,Tea,Van Honk,female,tea.vanhonk@example.com,lazypanda826,1996-06-09T07:32:01.350Z,2004-08-13T01:33:40.253Z,(028) 5874076,https://randomuser.me/api/portraits/med/women/71.jpg,7617 CL,"3451 Gouden Appel, Linden, Noord-Holland, Netherlands"
695240e7-6629-4f1e-8ce7-0fb3a9dbdb79,Henry,Louis,male,henry.louis@example.com,tinykoala135,1998-11-17T00:26:53.641Z,2016-12-07T05:03:13.102Z,077 878 74 66,https://randomuser.me/api/portraits/med/men/20.jpg,6689,"1821 Place des 44 Enfants D'Izieu, Avusy, Vaud, Switzerland"
89dc8cc4-5a52-496b-aa76-69eb383b6948,Mila,Rajković,female,mila.rajkovic@example.com,happygorilla642,1997-06-27T05:34:23.795Z,2016-12-17T04:15:33.674Z,022-7352-561,https://randomuser.me/api/portraits/med/women/18.jpg,40023,"5384 Simićev Puteljak, Smederevska Palanka, Kosovska Mitrovica, Serbia"
05963895-31d1-41a2-a86f-be4479989c83,Adelheid,Fournier,female,adelheid.fournier@example.com,whitepeacock900,1960-03-23T15:48:03.398Z,2007-06-03T01:07:17.931Z,077 575 25 39,https://randomuser.me/api/portraits/med/women/42.jpg,6221,"2210 Rue de L'Abbé-Carton, Morlon, Glarus, Switzerland"
e887d981-ad4a-40c7-b6e3-9082f66b6f73,Thomas,Lambert,male,thomas.lambert@example.com,tinyelephant638,1947-05-15T04:59:53.893Z,2012-12-14T12:45:19.706Z,09-4474-9420,https://randomuser.me/api/portraits/med/men/14.jpg,2624,"4711 Valley View Ln, Mildura, South Australia, Australia"
ac16f2ab-625a-4998-a74b-586ba447faf1,Sanchitha,Saniel,female,sanchitha.saniel@example.com,sadgoose595,1968-08-14T17:40:36.798Z,2017-01-29T12:53:05.324Z,7249691541,https://randomuser.me/api/portraits/med/women/64.jpg,44207,"9965 Chaman Ganj, Noida, Odisha, India"
ff7cc959-8a0b-4b6c-bc65-92c7ba50efb9,Veer,Vernekar,male,veer.vernekar@example.com,happyfrog615,1952-02-07T21:50:22.552Z,2017-10-13T10:38:24.930Z,9630997562,https://randomuser.me/api/portraits/med/men/46.jpg,63659,"7888 Sampige Rd, Mau, Gujarat, India"
e75079ce-732f-4f11-8f13-d379f97b6cd2,کیمیا,قاسمی,female,khymy.qsmy@example.com,brownswan288,1969-08-20T04:49:37.427Z,2013-11-09T00:55:49.123Z,054-74781885,https://randomuser.me/api/portraits/med/women/92.jpg,50368,"4702 فداییان اسلام, نجف‌آباد, گلستان, Iran"
8cdb2b2d-d467-4ace-9691-d71b7a349916,Lenni,Ruona,male,lenni.ruona@example.com,organicbutterfly840,1972-04-10T07:42:54.477Z,2004-03-20T15:04:31.666Z,05-622-650,https://randomuser.me/api/portraits/med/men/73.jpg,87646,"7440 Hatanpään Valtatie, Ristiina, Finland Proper, Finland"
83c673be-98f5-479a-83ed-5d55bd59e030,Laura,Carvajal,female,laura.carvajal@example.com,ticklishfrog842,1963-05-08T05:35:09.424Z,2009-03-26T09:45:56.825Z,(683) 590 2005,https://randomuser.me/api/portraits/med/women/69.jpg,60721,"4728 Callejón Páez, San Juan Tetelcingo, Veracruz, Mexico"
b72bbe9b-496d-48ef-b95b-72e69d72ab35,محمدامين,علیزاده,male,mhmdmyn.aalyzdh@example.com,greenpanda541,1953-09-27T10:44:42.496Z,2020-01-14T18:31:56.383Z,068-41672338,https://randomuser.me/api/portraits/med/men/40.jpg,74562,"7188 میدان رسالت, کرمانشاه, لرستان, Iran"
54ae814e-5a1c-4bb6-a671-8413cbcb7a11,Esma,Durmaz,female,esma.durmaz@example.com,bigleopard368,1949-05-01T16:54:06.588Z,2007-03-10T10:35:37.632Z,(777)-461-0987,https://randomuser.me/api/portraits/med/women/74.jpg,38572,"5430 Anafartalar Cd, Elazığ, Şırnak, Turkey"
395f1fab-12e0-4ac9-8f0d-435a6257405f,Dore,Rozenberg,female,dore.rozenberg@example.com,ticklishfish274,1963-09-02T11:35:07.546Z,2015-07-03T09:40:45.249Z,(013) 4203977,https://randomuser.me/api/portraits/med/women/37.jpg,8599 BV,"673 Kolksluiskade, Onnen, Overijssel, Netherlands"
abb2d3f0-be67-44ea-bcc1-3233b23b9a44,Marlyse,Moreau,female,marlyse.moreau@example.com,beautifulelephant240,1957-04-16T13:43:13.249Z,2006-10-26T05:15:47.946Z,078 562 22 99,https://randomuser.me/api/portraits/med/women/66.jpg,3051,"8724 Place de L'Église, Wallbach, Aargau, Switzerland"
0a67a701-04b6-4757-829a-3fec422420f8,Akshatha,Prabhu,female,akshatha.prabhu@example.com,purpleduck993,1996-10-16T14:21:04.300Z,2017-09-04T07:40:28.607Z,7131095395,https://randomuser.me/api/portraits/med/women/27.jpg,12975,"6700 Lindsay St, Amaravati, Arunachal Pradesh, India"
bd74aac6-1064-4255-9225-1510192abb55,Patrick,Sims,male,patrick.sims@example.com,bluegoose169,1962-06-20T14:17:06.201Z,2004-06-29T19:29:56.152Z,(251) 776-3343,https://randomuser.me/api/portraits/med/men/1.jpg,44939,"2707 Railroad St, Oklahoma City, Rhode Island, United States"
f4ad5469-39c5-435b-bec5-c3f82de4cd5f,Zohra,Hijdra,female,zohra.hijdra@example.com,goldensnake278,1998-05-11T05:45:03.611Z,2013-02-25T14:30:23.970Z,(0130) 008921,https://randomuser.me/api/portraits/med/women/14.jpg,5695 ND,"3579 Ceintuurbaan Noord, Kapel-Avezaath, Noord-Holland, Netherlands"
83d0d97c-8b13-4f33-b1fa-83af1387cabe,شایان,رضاییان,male,shyn.rdyyn@example.com,whiteostrich563,1957-05-26T01:07:44.812Z,2015-06-29T05:11:56.055Z,011-54867916,https://randomuser.me/api/portraits/med/men/99.jpg,81081,"120 هویزه, شهریار, سیستان و بلوچستان, Iran"
7a6996b0-075c-4850-8269-c188efcf5bcb,Jérémie,Meyer,male,jeremie.meyer@example.com,greenmeercat786,1951-08-04T16:48:31.566Z,2013-05-17T20:40:16.958Z,079 793 77 66,https://randomuser.me/api/portraits/med/men/51.jpg,9190,"6019 Rue de la Baleine, Hospental, St. Gallen, Switzerland"
fa773fa8-5176-4aab-8d05-28ae714af12f,Sélène,Masson,female,selene.masson@example.com,greencat552,1981-02-21T09:20:19.742Z,2021-01-30T21:53:42.110Z,01-26-90-19-60,https://randomuser.me/api/portraits/med/women/47.jpg,38720,"2245 Rue Pasteur, Nîmes, Isère, France"
deaeaa8f-681c-41d2-b7d5-1ea2e8354023,Melodie,Thompson,female,melodie.thompson@example.com,goldenbutterfly935,1980-09-25T00:45:24.326Z,2005-07-29T07:46:44.735Z,N13 H01-2625,https://randomuser.me/api/portraits/med/women/86.jpg,U6A 6S6,"6582 Park Rd, Lasalle, Yukon, Canada"
682ed7ee-5ad6-42b4-94dc-618729abb255,Ian,Lambert,male,ian.lambert@example.com,smallrabbit470,1951-07-24T14:02:18.613Z,2013-07-14T03:09:33.341Z,021-667-7133,https://randomuser.me/api/portraits/med/men/48.jpg,91610,"9116 The Crescent, Kells, Waterford, Ireland"
3482fd14-0b1b-477b-8557-5a03b543d892,Dylan,Haugerud,male,dylan.haugerud@example.com,goldenladybug434,1980-10-02T07:10:43.342Z,2003-06-08T04:32:39.220Z,73228561,https://randomuser.me/api/portraits/med/men/19.jpg,2890,"1380 Villaveien, Svortland, Bergen, Norway"
01fec549-623e-4b01-bfeb-c5fbbe3f70e9,Adela,Barreto,female,adela.barreto@example.com,redrabbit433,2001-02-25T11:49:50.225Z,2016-05-26T02:15:22.196Z,(691) 940 9514,https://randomuser.me/api/portraits/med/women/69.jpg,46578,"8093 Cerrada Sur Solano, Galeana, Nuevo Leon, Mexico"
e1ceae8e-7a2b-4997-bef8-0b05a905a2b0,Tatiane,Caldeira,female,tatiane.caldeira@example.com,orangebird727,1944-12-27T17:13:07.937Z,2009-09-07T06:42:36.308Z,(50) 3616-0679,https://randomuser.me/api/portraits/med/women/65.jpg,52699,"6859 Rua Treze de Maio , Marabá, Sergipe, Brazil"
a9621bb6-37a3-45a5-929d-93c1a9d81db6,Lloyd,Moore,male,lloyd.moore@example.com,organicswan640,1955-05-31T08:25:28.548Z,2017-09-07T22:04:40.509Z,06-5850-8638,https://randomuser.me/api/portraits/med/men/7.jpg,2122,"1333 Central St, Rockhampton, Tasmania, Australia"
4161ea60-6d7e-4902-912d-0340ccc96d81,Eddie,Carpenter,male,eddie.carpenter@example.com,blackswan137,1958-05-06T14:23:41.486Z,2008-01-04T07:49:34.932Z,01570 768603,https://randomuser.me/api/portraits/med/men/5.jpg,QB4 4PF,"892 The Grove, Portsmouth, Greater Manchester, United Kingdom"
59283777-a87a-4be4-b958-c6c5214f8684,Gabriel,Lo,male,gabriel.lo@example.com,greenlion789,1968-07-12T02:33:04.640Z,2017-09-03T02:18:44.571Z,E12 Z53-5264,https://randomuser.me/api/portraits/med/men/32.jpg,E2D 2L8,"5054 Bay Ave, Inverness, Northwest Territories, Canada"
f3899d81-c68d-4a70-b29c-b6733736ea1f,یاسمین,رضاییان,female,ysmyn.rdyyn@example.com,smallpanda449,1972-07-07T16:37:11.388Z,2007-02-14T22:07:31.373Z,042-49619173,https://randomuser.me/api/portraits/med/women/20.jpg,78188,"5903 نوفل لوشاتو, سبزوار, اصفهان, Iran"
21c2dd2f-75f2-43bf-bf85-7b556a766a8e,Barış,Atakol,male,baris.atakol@example.com,lazygoose515,1984-03-04T00:34:26.366Z,2009-08-10T05:14:34.123Z,(364)-436-5862,https://randomuser.me/api/portraits/med/men/36.jpg,94478,"1668 Bağdat Cd, Karaman, Bolu, Turkey"
a16695e9-eb21-48e6-a5b0-61a9d5cd7a38,Lisa,Bradley,female,lisa.bradley@example.com,angrykoala197,1982-12-08T03:37:11.747Z,2013-08-01T18:59:44.100Z,031-884-6255,https://randomuser.me/api/portraits/med/women/84.jpg,92840,"5683 Highfield Road, Tipperary, Mayo, Ireland"
70c1dfac-f4f4-42a1-bb83-c6acf46c0e96,Konsta,Erkkila,male,konsta.erkkila@example.com,orangeduck782,1966-11-18T16:39:39.650Z,2015-11-01T11:32:43.107Z,09-247-095,https://randomuser.me/api/portraits/med/men/77.jpg,82140,"758 Siilitie, Viitasaari, Satakunta, Finland"
252a14d8-a9f6-4a21-ae1e-7130db5c885c,Dieter,Hohl,male,dieter.hohl@example.com,beautifultiger523,1951-04-25T06:47:58.203Z,2006-05-05T23:34:28.299Z,0873-7553763,https://randomuser.me/api/portraits/med/men/5.jpg,60053,"6528 Beethovenstraße, Gaggenau, Sachsen-Anhalt, Germany"
879c9581-0d07-4986-a621-dd0bda4da44c,Josef,Jensen,male,josef.jensen@example.com,bluebutterfly876,1993-01-23T07:35:30.759Z,2003-01-16T21:58:56.059Z,01756 735390,https://randomuser.me/api/portraits/med/men/72.jpg,SP5Y 3HU,"7961 Park Lane, Edinburgh, Isle of Wight, United Kingdom"
28cc0e21-1703-4656-b78e-7109f80c3c2e,Budimir,Preković,male,budimir.prekovic@example.com,lazytiger500,1948-07-10T20:37:17.997Z,2003-05-20T18:24:21.680Z,035-0827-181,https://randomuser.me/api/portraits/med/men/60.jpg,16000,"7977 Ace Trickovića, Vlasotince, Kosovo, Serbia"
72802b64-8916-4f08-b405-1ca7a895bfd7,Konsta,Heikkinen,male,konsta.heikkinen@example.com,beautifulfrog194,1988-03-17T19:29:28.076Z,2015-11-14T06:19:57.997Z,07-553-798,https://randomuser.me/api/portraits/med/men/43.jpg,35478,"502 Hatanpään Valtatie, Pyhäranta, Northern Ostrobothnia, Finland"
cd4b81ac-d1dc-4768-9bfa-9f12a2f49237,Sahil,Van Hoek,male,sahil.vanhoek@example.com,whitemouse627,2000-07-16T01:32:32.533Z,2004-07-03T06:22:05.662Z,(061) 9261240,https://randomuser.me/api/portraits/med/men/14.jpg,7071 NZ,"7195 Fregatsingel, Bavel Ac, Noord-Holland, Netherlands"
5ca14049-2ef9-4e40-b010-7ebdbe485b68,Frederick,Russell,male,frederick.russell@example.com,bigbird528,1996-06-28T01:00:30.681Z,2016-02-04T02:00:14.658Z,(792) 637-4554,https://randomuser.me/api/portraits/med/men/83.jpg,61596,"841 Elgin St, Altoona, Illinois, United States"
1db327e0-294e-44e6-95d8-f2c941307469,Antoine,Sirko,male,antoine.sirko@example.com,smalllion985,1955-02-17T16:47:31.022Z,2017-08-07T02:44:18.685Z,H02 B42-4557,https://randomuser.me/api/portraits/med/men/60.jpg,V1C 9V3,"1965 Arctic Way, Killarney, Yukon, Canada"
dcf587ab-000e-4170-bdf5-8bf8dcf8452f,هلیا,نكو نظر,female,hly.nkwnzr@example.com,goldenleopard720,1999-11-21T04:44:23.003Z,2012-06-21T14:34:54.195Z,089-52319158,https://randomuser.me/api/portraits/med/women/80.jpg,10076,"5358 شهید شهرام امیری, قرچک, هرمزگان, Iran"
cacd7403-39b3-4bd6-9299-c02d8559ab67,Nelli,Mathieu,female,nelli.mathieu@example.com,organicrabbit101,1954-03-26T07:19:46.204Z,2019-02-10T23:32:57.011Z,078 673 40 24,https://randomuser.me/api/portraits/med/women/49.jpg,3910,"4645 Place du 22 Novembre 1943, Arosa, Bern, Switzerland"
422a5973-a12a-49f4-9fec-7cd49c91372d,Eino,Huhta,male,eino.huhta@example.com,tinyrabbit505,1988-04-05T08:38:50.476Z,2019-07-22T05:12:08.541Z,06-761-141,https://randomuser.me/api/portraits/med/men/25.jpg,30390,"6782 Korkeavuorenkatu, Paimio, Northern Savonia, Finland"
3c1a6d57-1ce0-441e-b03f-2d87c5326db0,Edouard,Philippe,male,edouard.philippe@example.com,bluezebra264,1993-09-21T14:49:38.130Z,2012-11-24T08:25:29.183Z,04-32-14-87-04,https://randomuser.me/api/portraits/med/men/47.jpg,50342,"6368 Rue André-Gide, Saint-Étienne, Guadeloupe, France"
63cca208-0da3-4fe3-a106-0f7507b0d80f,Holly,Evans,female,holly.evans@example.com,happybear968,1970-09-27T17:54:41.619Z,2008-11-13T20:31:44.939Z,041-708-5097,https://randomuser.me/api/portraits/med/women/3.jpg,11241,"6513 Galway Road, Athenry, Limerick, Ireland"
b0900a95-331e-43bb-bd6e-da4082e71e9a,Myrtle,Allen,female,myrtle.allen@example.com,tinysnake708,1959-12-06T22:34:50.194Z,2002-05-25T07:50:27.813Z,01-8418-5682,https://randomuser.me/api/portraits/med/women/50.jpg,1330,"366 Preston Rd, Nowra, Northern Territory, Australia"
95bbb04c-3585-49d9-a07f-52cf5d19465d,Miroslav,Zubik,male,miroslav.zubik@example.com,heavyzebra396,1953-08-02T10:45:19.287Z,2017-05-21T23:44:18.254Z,(068) W05-2338,https://randomuser.me/api/portraits/med/men/96.jpg,77684,"7048 Ploshcha Povstalih, Amvrosiyivka, Zaporizka, Ukraine"
3db4e75d-5974-4f6d-8192-00e2c0d131a9,Cristóbal,Ruiz,male,cristobal.ruiz@example.com,organiccat153,1947-05-06T11:52:29.799Z,2020-10-18T17:02:06.492Z,980-812-165,https://randomuser.me/api/portraits/med/men/16.jpg,87082,"2772 Paseo de Extremadura, Logroño, Cataluña, Spain"
b3c27cd8-60c0-402d-9793-dcab188bd97f,Myrtle,Duncan,female,myrtle.duncan@example.com,brownsnake791,1981-07-05T15:59:59.296Z,2017-02-03T13:15:16.375Z,(657) 864-9317,https://randomuser.me/api/portraits/med/women/10.jpg,45062,"4654 Taylor St, Sterling Heights, Nevada, United States"
96d5493c-5a22-4c6b-b091-6de358acf75c,Meral,Gümüşpala,female,meral.gumuspala@example.com,biggorilla857,1996-02-25T09:38:28.636Z,2006-07-22T02:01:31.154Z,(568)-943-7860,https://randomuser.me/api/portraits/med/women/30.jpg,40236,"2791 Filistin Cd, Çorum, Şanlıurfa, Turkey"
fadaf519-ed70-4e15-adf4-4e477dc51849,Živorad,Šarović,male,zivorad.sarovic@example.com,yellowfish361,1994-09-04T01:34:39.876Z,2008-01-24T21:48:32.744Z,028-8305-263,https://randomuser.me/api/portraits/med/men/44.jpg,63349,"6850 Zlatanovićev Sokak, Knjaževac, Braničevo, Serbia"
d8d81214-ec72-4b17-903e-c17b1747b6b2,Suhasini,Mendonsa,female,suhasini.mendonsa@example.com,whiterabbit176,1970-04-15T11:43:31.103Z,2016-08-19T11:54:22.922Z,8347461780,https://randomuser.me/api/portraits/med/women/9.jpg,94254,"794 China Bazaar Rd, Barasat, Goa, India"
57931d75-34df-460a-9de1-52e87f1c6562,Everett,Johnston,male,everett.johnston@example.com,whitebutterfly388,1953-06-01T16:42:05.113Z,2020-08-28T16:14:14.741Z,041-917-4341,https://randomuser.me/api/portraits/med/men/50.jpg,42738,"2281 Church Street, Shannon, Leitrim, Ireland"
6b58b720-7ebe-4c1b-84fa-537a9eee8265,Inmaculada,Pérez,female,inmaculada.perez@example.com,redfrog310,1969-08-14T15:48:17.683Z,2015-08-21T22:53:27.107Z,988-951-337,https://randomuser.me/api/portraits/med/women/57.jpg,50632,"7216 Calle de La Almudena, Cartagena, Andalucía, Spain"
0d5802c8-2a80-47e1-bbdb-94577d6a9ef8,Amber,Simmons,female,amber.simmons@example.com,redmouse374,1962-09-20T17:28:14.073Z,2011-03-09T23:19:34.325Z,061-365-9959,https://randomuser.me/api/portraits/med/women/48.jpg,26434,"47 Galway Road, Ratoath, Leitrim, Ireland"
d881178a-c242-439a-94c8-4b5c20993f8d,Rosina,Lemaire,female,rosina.lemaire@example.com,lazyfish723,1963-02-20T09:52:06.009Z,2018-01-15T11:31:01.097Z,077 295 83 21,https://randomuser.me/api/portraits/med/women/15.jpg,6554,"666 Rue Chazière, Medel (Lucmagn), Solothurn, Switzerland"
2d953e05-ce5c-4d4e-a7ae-b99c70e92c74,Dimitrije,Tešić,male,dimitrije.tesic@example.com,purpletiger753,1977-04-24T12:49:28.893Z,2014-04-06T13:51:16.374Z,020-9518-428,https://randomuser.me/api/portraits/med/men/76.jpg,38340,"3365 Đorđa Nestorovića, Varvarin, Braničevo, Serbia"
f9ec2d0c-ddf4-4688-96a0-f07246128501,Violet,May,female,violet.may@example.com,beautifulwolf124,1969-09-06T18:53:46.864Z,2005-08-04T16:50:59.886Z,04-1153-0050,https://randomuser.me/api/portraits/med/women/25.jpg,9909,"1745 Thornridge Cir, Albury, Victoria, Australia"
528d6610-0e00-485d-a5b7-556a1c813824,Germán,Carrera,male,german.carrera@example.com,sadladybug425,1962-06-17T21:17:14.073Z,2010-03-12T20:59:50.848Z,(618) 512 5120,https://randomuser.me/api/portraits/med/men/62.jpg,13428,"8194 Circunvalación Guerrero, Juanita, Baja California Sur, Mexico"
5cb23948-a2f1-43e1-9012-d7d9cfe9cbf2,Fabiola,Nicolas,female,fabiola.nicolas@example.com,blacksnake517,1994-02-16T16:03:58.300Z,2013-08-21T02:47:59.749Z,078 769 17 44,https://randomuser.me/api/portraits/med/women/76.jpg,9232,"2343 Rue de la Baleine, Feuerthalen, Nidwalden, Switzerland"
ad860294-c292-4915-b660-82c1e6141d9f,Predrag,Tišma,male,predrag.tisma@example.com,happybear590,1954-09-22T18:41:02.908Z,2017-11-26T03:25:26.125Z,033-0208-598,https://randomuser.me/api/portraits/med/men/7.jpg,32993,"4190 Arsenija Miloševića, Brus, Pomoravlje, Serbia"
3b0187a0-6adb-4571-bbad-8ea446183869,Daria,Morin,female,daria.morin@example.com,smalllion893,1982-01-17T07:05:59.513Z,2008-03-24T19:48:16.979Z,077 254 58 98,https://randomuser.me/api/portraits/med/women/24.jpg,1973,"5503 Rue Cyrus-Hugues, Porrentruy, Appenzell Ausserrhoden, Switzerland"
47390a10-b194-483f-aab2-b8792bb9a177,Charlotte,Kowalski,female,charlotte.kowalski@example.com,blackpanda571,1970-09-14T17:21:36.022Z,2014-02-22T20:31:56.691Z,S75 Q04-4458,https://randomuser.me/api/portraits/med/women/16.jpg,K7Q 5P1,"38 Park Rd, Carleton, Alberta, Canada"
652c1ee7-6761-4f9a-aa6c-f665a5e1034f,Harley,Johnson,male,harley.johnson@example.com,happyrabbit988,1969-01-30T21:10:15.014Z,2011-01-05T10:46:38.325Z,(638)-102-2908,https://randomuser.me/api/portraits/med/men/33.jpg,52436,"8064 Cambridge Terrace, Whanganui, Wellington, New Zealand"
a4873962-b7f5-4707-9f79-33f83f5f272e,Nicklas,Johansen,male,nicklas.johansen@example.com,lazylion316,1955-05-12T01:42:25.466Z,2021-03-19T08:27:40.834Z,29391419,https://randomuser.me/api/portraits/med/men/53.jpg,22569,"4735 Fredensvej, Pandrup, Midtjylland, Denmark"
a845c856-5caa-4b7b-b20b-03dfe0852cef,Nicholas,Lyngvær,male,nicholas.lyngvaer@example.com,angrypeacock148,1955-09-11T22:40:54.710Z,2019-03-23T11:19:33.511Z,80531799,https://randomuser.me/api/portraits/med/men/98.jpg,1580,"3361 Solørgata, Melhus, Hordaland, Norway"
c4c995d0-a151-4803-ac91-e1b39a830377,Mario,Flores,male,mario.flores@example.com,purplebutterfly935,1951-07-19T11:38:43.394Z,2016-05-08T09:53:46.017Z,956-520-144,https://randomuser.me/api/portraits/med/men/21.jpg,11617,"5678 Calle de Pedro Bosch, Granada, Navarra, Spain"
3f5aa13a-67d9-4b0c-934c-c817b8e78857,Draginja,Zelenović,female,draginja.zelenovic@example.com,silverrabbit566,1950-05-26T04:38:27.427Z,2011-12-29T16:56:41.744Z,028-4553-472,https://randomuser.me/api/portraits/med/women/69.jpg,46112,"6847 Bore Radojevića, Ćićevac, Prizren, Serbia"
00f86d11-8265-4d3f-983c-147d179b5363,Agustín,Arias,male,agustin.arias@example.com,bluepeacock212,1961-03-21T15:53:50.875Z,2011-12-23T08:24:05.013Z,904-673-241,https://randomuser.me/api/portraits/med/men/84.jpg,20469,"5550 Calle de Bravo Murillo, Toledo, Aragón, Spain"
32ade1dc-bf69-49fb-9411-432fa8102954,باران,حیدری,female,brn.hydry@example.com,beautifulfrog318,1952-10-10T01:11:57.344Z,2021-12-08T12:16:26.522Z,050-01532026,https://randomuser.me/api/portraits/med/women/65.jpg,72573,"9330 اجاره دار, کاشان, کردستان, Iran"
210eb6f0-ca66-4ed9-a0be-28d1017da557,Christel,Boyer,female,christel.boyer@example.com,whitecat596,1990-10-14T06:10:58.448Z,2003-08-29T01:16:25.617Z,079 633 48 54,https://randomuser.me/api/portraits/med/women/1.jpg,5327,"6931 Rue Bony, Wohlenschwil, Aargau, Switzerland"
31a9ddd3-4a28-4f0a-b782-8787a3cb6506,Dhanashri,Bansal,female,dhanashri.bansal@example.com,blackleopard511,1974-04-20T13:30:42.030Z,2012-04-19T19:51:59.373Z,7774304089,https://randomuser.me/api/portraits/med/women/63.jpg,36663,"8327 Sao Tome Old Quarter, Sasaram, Dadra and Nagar Haveli, India"
cbefb470-7be0-49c2-aba9-240936c7fc01,Ramon,Peixoto,male,ramon.peixoto@example.com,purplemouse261,1960-01-12T16:29:44.782Z,2002-08-31T22:10:22.476Z,(24) 8498-0067,https://randomuser.me/api/portraits/med/men/57.jpg,10649,"9948 Rua Santos Dumont , Cubatão, Minas Gerais, Brazil"
eb14bf48-abaa-490c-8a00-b977e4bab3ac,Thomas,Ouellet,male,thomas.ouellet@example.com,beautifulbear770,1976-12-10T23:18:58.023Z,2011-08-28T08:13:54.615Z,W37 Q72-6871,https://randomuser.me/api/portraits/med/men/47.jpg,D6Y 1P7,"2518 Pine Rd, Winfield, New Brunswick, Canada"
2d0c15db-0c42-47b7-8605-a9fe091b987d,Bently,Scott,male,bently.scott@example.com,beautifulfrog707,1976-12-12T19:59:51.477Z,2022-04-28T18:58:55.956Z,B51 S65-4834,https://randomuser.me/api/portraits/med/men/88.jpg,N8J 0O6,"7662 3rd St, Fauquier, Saskatchewan, Canada"
3e6e472c-5b5d-421e-bab5-b53c2ad755af,Eemil,Toro,male,eemil.toro@example.com,silvergoose743,1965-10-19T01:47:59.784Z,2006-04-03T23:46:02.903Z,03-684-336,https://randomuser.me/api/portraits/med/men/75.jpg,79793,"8833 Hämeentie, Loviisa, Finland Proper, Finland"
63bc0539-d953-4363-ad9b-2f582e19f90e,Faustine,Dupont,female,faustine.dupont@example.com,saddog981,1962-06-17T07:16:50.074Z,2013-07-05T06:14:21.283Z,05-15-95-08-69,https://randomuser.me/api/portraits/med/women/17.jpg,88317,"224 Quai Charles-De-Gaulle, Caen, Lot, France"
733bae14-6166-46af-aefd-45d9b520a4ee,Lev,Gonta,male,lev.gonta@example.com,whiteswan379,1962-12-16T17:23:07.380Z,2018-11-08T13:38:10.972Z,(098) J10-6288,https://randomuser.me/api/portraits/med/men/60.jpg,33874,"7038 Oboronna, Trostyanec, Volinska, Ukraine"
37baaa80-5b2d-48ff-a0b7-1310d1fb5183,Cristóbal,Ibáñez,male,cristobal.ibanez@example.com,sadladybug165,1958-03-19T03:31:05.632Z,2004-06-03T23:00:17.156Z,980-973-152,https://randomuser.me/api/portraits/med/men/1.jpg,13947,"6510 Calle de Toledo, Oviedo, Comunidad de Madrid, Spain"
0698f97e-3b8e-4afc-a4e6-cdd4d804048d,Alice,Josdal,female,alice.josdal@example.com,happyrabbit882,1991-06-29T08:02:44.669Z,2008-06-28T12:08:48.512Z,60203588,https://randomuser.me/api/portraits/med/women/82.jpg,0565,"9457 Nøklesvingen, Levanger, Vest-Agder, Norway"
5271f0d2-ea63-4eea-a3b6-b07ae71750fa,Esma,Ayaydın,female,esma.ayaydin@example.com,happypanda123,1971-02-28T18:05:28.889Z,2015-07-16T12:17:10.616Z,(414)-309-6578,https://randomuser.me/api/portraits/med/women/90.jpg,93650,"9641 Atatürk Sk, Bayburt, Bolu, Turkey"
29a6fff9-7f17-48bf-9c31-f2707466f157,Cassandra,Montgomery,female,cassandra.montgomery@example.com,beautifulzebra246,1970-02-17T17:37:50.554Z,2002-04-24T19:40:57.921Z,(433) 913-4046,https://randomuser.me/api/portraits/med/women/48.jpg,53687,"9644 Washington Ave, Waco, New Hampshire, United States"
ec84282c-3562-4040-99b9-c2687e9a7714,Souhaila,Van der Eijk,female,souhaila.vandereijk@example.com,purplepeacock258,1969-01-19T23:12:54.255Z,2012-05-15T15:48:42.720Z,(0088) 172584,https://randomuser.me/api/portraits/med/women/44.jpg,8858 SK,"1872 Ferdinandus Gomes Alemanstraat, Cothen, Utrecht, Netherlands"
65fed922-e388-4e77-a37d-990db4520c27,Gloria,Gil,female,gloria.gil@example.com,tinylion625,1946-03-22T22:17:00.810Z,2019-06-21T16:52:34.007Z,923-107-141,https://randomuser.me/api/portraits/med/women/71.jpg,90351,"8304 Calle de Pedro Bosch, Castellón de la Plana, Asturias, Spain"
3b2cfb13-1761-4c83-9e01-8ccf7a9b1ae6,Coralie,Nguyen,female,coralie.nguyen@example.com,beautifulleopard813,1989-10-30T08:16:33.152Z,2021-08-01T01:02:25.735Z,078 069 45 08,https://randomuser.me/api/portraits/med/women/42.jpg,6244,"9979 Rue des Écoles, Biasca, Bern, Switzerland"
1279dd95-0fd9-4e6b-96dc-4c24dd130649,Ananth,Bansal,male,ananth.bansal@example.com,smallrabbit329,1989-11-10T21:04:46.311Z,2005-01-23T13:46:24.906Z,9811033512,https://randomuser.me/api/portraits/med/men/26.jpg,39292,"6115 Santhekatte, Siliguri, Manipur, India"
5ab0eff8-9d1f-46c6-a6c1-e850217010cf,دینا,موسوی,female,dyn.mwswy@example.com,bigtiger590,1964-03-27T06:01:56.642Z,2002-07-11T11:53:42.159Z,004-00089999,https://randomuser.me/api/portraits/med/women/16.jpg,62250,"9073 کارگر, گرگان, قزوین, Iran"
f984cadd-09bb-44fe-838e-8259b26d407d,Xander,Rozendal,male,xander.rozendal@example.com,orangetiger567,1952-05-28T22:04:44.846Z,2009-08-20T23:01:59.940Z,(071) 4820488,https://randomuser.me/api/portraits/med/men/57.jpg,1078 WI,"2736 I. de Keijzerstraat, Onderdendam, Zeeland, Netherlands"
a393a35e-4d02-4675-9ba3-d782baf96742,Liam,Green,male,liam.green@example.com,redduck874,1971-03-20T18:41:53.654Z,2013-01-10T22:32:24.550Z,(769)-544-2131,https://randomuser.me/api/portraits/med/men/15.jpg,92303,"1982 Oxford Terrace, Greymouth, Manawatu-Wanganui, New Zealand"
050610f6-be40-4dbe-9ea5-6f2470d54afd,Angel,Griffin,male,angel.griffin@example.com,purplefrog479,1999-10-04T12:49:13.758Z,2005-05-12T11:13:34.667Z,041-083-3698,https://randomuser.me/api/portraits/med/men/25.jpg,46229,"4356 Church Street, Ashbourne, Wexford, Ireland"
ca1ac8c2-058f-4123-9649-e54a949e1dc2,Rebecca,Parker,female,rebecca.parker@example.com,organicswan426,1959-05-19T02:23:58.304Z,2015-10-28T03:27:56.129Z,02-5918-7121,https://randomuser.me/api/portraits/med/women/56.jpg,5479,"7755 Miller Ave, Sydney, New South Wales, Australia"
3a9a5a89-cd71-49f6-ac4f-87d8d719ce62,Eleanor,Taal,female,eleanor.taal@example.com,yellowlion521,1990-12-06T10:42:43.679Z,2012-06-06T02:31:17.892Z,(0507) 833849,https://randomuser.me/api/portraits/med/women/81.jpg,3627 FO,"3572 Heidreef, Molkwerum, Noord-Holland, Netherlands"
